<?xml version="1.0" encoding="UTF-8"?>
<dictionary>
	
	<!-- Data -->
	<downloadPDFUrl><![CDATA[http://google.com]]></downloadPDFUrl>

	<!-- Generic -->
	<prevBtn><![CDATA[Previous]]></prevBtn>
	<backBtn><![CDATA[Back]]></backBtn>
	<nextBtn><![CDATA[Next]]></nextBtn>
	<downloadPDFBtn><![CDATA[Download PDF]]></downloadPDFBtn>
	<followBtn><![CDATA[Follow]]></followBtn>
	<seeOnTumblrBtn><![CDATA[See on Tumblr]]></seeOnTumblrBtn>

	<!-- Home -->
	<homeIntro1Phase1><![CDATA[We need you!]]></homeIntro1Phase1>
	<homeIntro2Phase1><![CDATA[Participate and help us to create something Big]]></homeIntro2Phase1>
	<homeIntro1Phase2><![CDATA[Das monument der Freundshaft]]></homeIntro1Phase2>
	<homeIntro2Phase2><![CDATA[Set your mark &amp; get your spot on the obelisk]]></homeIntro2Phase2>

	<homeJoinBtn><![CDATA[Join us now]]></homeJoinBtn>
	<homeExploreBtn><![CDATA[Explore]]></homeExploreBtn>
	<homeBackToBtn><![CDATA[Back to home]]></homeBackToBtn>
	<homeAboutBtn><![CDATA[What is this about?]]></homeAboutBtn>
	<homeModalTitle><![CDATA[What is this about]]></homeModalTitle>
	<homeModalBody><![CDATA["Lorem ipsum dolor sit amet, consectetur adipiscing elit, sed do eiusmod tempor incididunt ut labore et dolore magna aliqua. Ut enim ad minim veniam, quis nostrud exercitation ullamco laboris nisi ut aliquip ex ea commodo consequat. Duis aute irure dolor in reprehenderit in voluptate velit esse cillum dolore eu fugiat nulla pariatur. Excepteur sint occaecat cupidatat non proident, sunt in culpa qui officia deserunt mollit anim id est laborum."]]></homeModalBody>
	
	<!-- Join -->
	<joinIntro1><![CDATA[Be part of our]]></joinIntro1>
	<joinIntro2><![CDATA[secret project]]></joinIntro2>
	<joinIntro3><![CDATA[and secure your spot now]]></joinIntro3>
	
	<joinSendText><![CDATA[Send us a bottle and set the grounds for our project.]]></joinSendText>
	<joinSendBtn><![CDATA[Send a bottle]]></joinSendBtn>
	<joinClaimSpotText><![CDATA[Or contribute with your presence and follow the happening. We need you all.]]></joinClaimSpotText>
	<joinClaimSpotBtn><![CDATA[claim a spot]]></joinClaimSpotBtn>
	<joinEnterCodeText><![CDATA[Got a code ?]]></joinEnterCodeText>
	<joinEnterCodeBtn><![CDATA[Enter code]]></joinEnterCodeBtn>
	
	<joinSendBottleModalTitle><![CDATA[Flasche leer? Flasche her!]]></joinSendBottleModalTitle>
	<joinSendBottleModalBody1><![CDATA[Schickt uns Eure leeren 0,7L-Jägermeister-Flaschen. Als Dankeschön werdet Ihr nicht nur Teil von etwas Großartigem, sondern erhaltet auch eine Sonderedition unserer 0,1L-Flasche.]]></joinSendBottleModalBody1>
	<joinSendBottleModalBody2><![CDATA[So geht’s:]]></joinSendBottleModalBody2>
	<joinSendBottleModalBody3><![CDATA[PDF ausdrucken und ausfüllen]]></joinSendBottleModalBody3>
	<joinSendBottleModalBody4><![CDATA[Leere Flasche ab zur Post (Adresse findet Ihr im PDF)]]></joinSendBottleModalBody4>
	<joinSendBottleModalBody5><![CDATA[Auf die exklusive Sonderedition freuen!]]></joinSendBottleModalBody5>

	<!-- Explore -->
	<exploreIntro1><![CDATA[We need you]]></exploreIntro1>
	<exploreIntro2><![CDATA[Participate and help us to create something Big]]></exploreIntro2>

	<exploreIntroRegistered1><![CDATA[Thank you]]></exploreIntroRegistered1>
	<exploreIntroRegistered2><![CDATA[For participating and helping us create something Big]]></exploreIntroRegistered2>

	<exploreTooltipClaim><![CDATA[Claim this spot]]></exploreTooltipClaim>

	<!-- Register -->
	<registerIntro><![CDATA[Claim a spot]]></registerIntro>
	<registerFormFacebookText><![CDATA[Save some time and]]></registerFormFacebookText>
	<registerFormFirstname><![CDATA[Name]]></registerFormFirstname>
	<registerFormLastname><![CDATA[Surname]]></registerFormLastname>
	<registerFormCity><![CDATA[City]]></registerFormCity>
	<registerFormEmail><![CDATA[Email]]></registerFormEmail>
	<registerFormAgree><![CDATA[I agree to the terms and agreements]]></registerFormAgree>
	<registerFormFacebookConnectBtn><![CDATA[CONNECT TO FACEBOOK]]></registerFormFacebookConnectBtn>
	<registerFormSubmitBtn><![CDATA[SUBMIT]]></registerFormSubmitBtn>
	<registerFormUploadPhotoBtn><![CDATA[Upload a photo]]></registerFormUploadPhotoBtn>
	<registerFormChangePhotoBtn><![CDATA[Change photo]]></registerFormChangePhotoBtn>
	<registerSuccessIntro><![CDATA[Thanks for taking part!]]></registerSuccessIntro>
	<registerExistsIntro><![CDATA[User already registered]]></registerExistsIntro>
	<registerSuccessText><![CDATA["Lorem ipsum dolor sit amet, consectetur adipiscing elit, sed do eiusmod tempor incididunt ut labore et dolore magna aliqua. Ut enim ad minim veniam, quis nostrud exercitation ullamco laboris nisi ut aliquip ex ea commodo consequat. Duis aute irure dolor in reprehenderit in voluptate velit esse cillum dolore eu fugiat nulla pariatur. Excepteur sint occaecat cupidatat non proident, sunt in culpa qui officia deserunt mollit anim id est laborum."]]></registerSuccessText>
	<registerExistsText><![CDATA["Lorem ipsum dolor sit amet, consectetur adipiscing elit, sed do eiusmod tempor incididunt ut labore et dolore magna aliqua. Ut enim ad minim veniam, quis nostrud exercitation ullamco laboris nisi ut aliquip ex ea commodo consequat. Duis aute irure dolor in reprehenderit in voluptate velit esse cillum dolore eu fugiat nulla pariatur. Excepteur sint occaecat cupidatat non proident, sunt in culpa qui officia deserunt mollit anim id est laborum."]]></registerExistsText>
	<registerSuccessSpotBtn><![CDATA[See your spot]]></registerSuccessSpotBtn>
	<registerShareSpotBtn><![CDATA[Share your spot :]]></registerShareSpotBtn>
	<registerMobileOr><![CDATA[or]]></registerMobileOr>
	<registerFormErrorPhoto><![CDATA[Photo too large]]></registerFormErrorPhoto>

	<!-- Claim -->
	<claimIntro><![CDATA[Just a few steps left]]></claimIntro>

	<!-- Docs -->
	<docsLoginTitle><![CDATA[Login to API]]></docsLoginTitle>
	<docsLoginText><![CDATA[Make sure your logged into Facebook and Instagram in order for the database to successfully fetch the posts.]]></docsLoginText>
	<docsLoginBtn><![CDATA[Login]]></docsLoginBtn>

	<docsObeliskFeed><![CDATA[Obelisk Feed]]></docsObeliskFeed>
	<docsObeliskFeedPreviewBtn><![CDATA[Preview feed]]></docsObeliskFeedPreviewBtn>
	<docsObeliskFeedLiveBtn><![CDATA[API feed]]></docsObeliskFeedLiveBtn>

	<docsSocialFeed><![CDATA[Social Feed]]></docsSocialFeed>
	<docsSocialFeedPreviewBtn><![CDATA[Preview feed]]></docsSocialFeedPreviewBtn>
	<docsSocialFeedLiveBtn><![CDATA[API feed]]></docsSocialFeedLiveBtn>

	<!-- Share -->
	<shareControlTitle><![CDATA[Jagermeiser Obelisk]]></shareControlTitle>
	<shareControlDescription><![CDATA[I just claimed my spot on Jager Obelisk!]]></shareControlDescription>
	<shareFacebook><![CDATA[Share on Facebook]]></shareFacebook>
	<shareEmail><![CDATA[Share by email]]></shareEmail>
	<shareWhatsapp><![CDATA[Share on Whatsapp]]></shareWhatsapp>
	<shareTwitter><![CDATA[Share on Whatsapp]]></shareTwitter>
	<sharePinterest><![CDATA[Share on Pinterest]]></sharePinterest>
	<shareGoogle><![CDATA[Share on Google+]]></shareGoogle>
	<shareText><![CDATA[Share]]></shareText>

	<!-- Sidebar ( phase2+ ) -->
	<sidebarNavWhere><![CDATA[Where?]]></sidebarNavWhere>
	<sidebarNavNews><![CDATA[News]]></sidebarNavNews>
	<sidebarNavLive><![CDATA[Live Stream]]></sidebarNavLive>
	<sidebarNavRightNow><![CDATA[Right now #MDF]]></sidebarNavRightNow>
	<sidebarNavThisHappened><![CDATA[This happened #MDF]]></sidebarNavThisHappened>
	
	<sidebarWhereTitle1><![CDATA[Discover the monument <br/> in]]></sidebarWhereTitle1>
	<sidebarWhereTitle2><![CDATA[days]]></sidebarWhereTitle2>

	<sidebarWhereText1><![CDATA[The monument raises in:]]></sidebarWhereText1>
	<sidebarWhereText2><![CDATA[Central Park <br/> Hamburg. Germany]]></sidebarWhereText2>
	<sidebarWhereMapText><![CDATA[Open in Google Maps]]></sidebarWhereMapText>

	<sidebarNewsTitle1><![CDATA[News]]></sidebarNewsTitle1>

	<sidebarLiveStreamTitle1><![CDATA[Live Stream]]></sidebarLiveStreamTitle1>
	<sidebarLiveStreamPlaceholderText><![CDATA[Watch Live]]></sidebarLiveStreamPlaceholderText>

	<sidebarRightNowTitle1><![CDATA[Right now]]></sidebarRightNowTitle1>

	<sidebarThisHappenedTitle1><![CDATA[This Happened #MDF]]></sidebarThisHappenedTitle1>
	<sidebarPlayVideo><![CDATA[Play video]]></sidebarPlayVideo>
	
</dictionary>